sequence	cell_diameter	cell_length	doubling_h	growth_tmp	optimum_tmp	optimum_ph	genome_size	gc_content	coding_genes	rRNA16S_genes	tRNA_genes	gram_stain	sporulation	motility	range_salinity	facultative_respiration	anaerobic_respiration	aerobic_respiration	mesophilic_range_tmp	thermophilic_range_tmp	psychrophilic_range_tmp	bacillus_cell_shape	coccus_cell_shape	filament_cell_shape	coccobacillus_cell_shape	vibrio_cell_shape	spiral_cell_shape
OTU1	-0.09691001300805639	0.20411998265592482	0.16731733474817606	37	36.1	7	5582831.2	41.829	4250.333	7	81.75	0	0	0	0	0	1	0	1	0	0	1	0	0	0	0	0
OTU2	-0.09691001300805639	0.20411998265592482	0.16731733474817606	37	36.1	7	5582831.2	41.829	4250.333	7	81.75	0	0	0	0	0	1	0	1	0	0	1	0	0	0	0	0
OTU3	-0.3010299956639812	-0.5228787452803376	0.6794278966121189	37	37	7.15	3022580	56.239	2678.333	3	63.5	0	0	0	0	0	1	0	1	0	0	1	0	0	0	0	0
OTU4	0.0	0.6020599913279624	0.17897694729316943	37	37	6.8	2374244.56	58.777	1891.625	2.385	54.231	1	0	0	0	0	1	0	1	0	0	1	0	0	0	0	0
OTU5	-0.3010299956639812	-0.5228787452803376	0.6794278966121189	37	37	7.15	3022580	56.239	2678.333	3	63.5	0	0	0	0	0	1	0	1	0	0	1	0	0	0	0	0
OTU6	0.0	0.0	0.25527250510330607	37	37	6.5	4045793.75	41.5	3155	5	65	1	0	0	0	0	1	0	1	0	0	0	1	0	0	0	0
OTU7	-0.28735029837278864	1.0	-0.41680122603137726	35	37	7.2	4695144	50.443	4494	7	84	0	0	1	0	1	0	0	1	0	0	1	0	0	0	0	0
OTU8	-0.1549019599857432	0.17609125905568124	0.17897694729316943	37	37	6.5	2297695.625	56.35	1800	6	54	1	0	0	0	0	1	0	1	0	0	1	0	0	0	0	0
OTU9	-0.09691001300805639	0.17609125905568124	-0.3565473235138126	36	37	7	5430286.285	42.36	4347.273	6	72.714	0	0	0	0	0	1	0	1	0	0	1	0	0	0	0	0
OTU10	-0.6989700043360187	0.0	1.021189299069938	37	39	7.6	3460903.4	42.833	3155	5	72	1	0	0	0	0	1	0	1	0	0	0	1	0	0	0	0
OTU11	0.146128035678238	0.3979400086720376	0.16731733474817606	37	37	7.7	4794552.5	43.713	4897.8	5	70.333	0	0	0	0	0	1	0	1	0	0	1	0	0	0	0	0
OTU12	-0.09691001300805639	0.0	0.16731733474817606	37	37	7	4762432.5	46.358	5306	4	63	0	0	0	0	0	1	0	1	0	0	1	0	0	0	0	0
OTU13	-0.3979400086720376	0.2304489213782739	0.3010299956639812	37	37	7.6	4238600.143	41.873	3554	5	59	1	0	1	0	0	1	0	1	0	0	1	0	0	0	0	0
OTU14	-0.3010299956639812	0.2304489213782739	0.3010299956639812	37	37	6.2	3460021.133	40.483	3210.4	5	59	1	0	0	0	0	1	0	1	0	0	1	0	0	0	0	0
OTU15	0.0	0.6020599913279624	0.17897694729316943	37	37	6.8	2194858.05	59.319	1698.667	4.667	54.167	1	0	0	0	0	1	0	1	0	0	1	0	0	0	0	0
OTU16	-0.1549019599857432	-0.1549019599857432	-0.3010299956639812	37	39	7	2321684.25	41.05	1811	3	55	1	0	0	0	0	1	0	1	0	0	0	1	0	0	0	0
OTU17	-0.09691001300805639	0.0	0.16731733474817606	37	37	7	4762432.5	46.358	5306	4	63	0	0	0	0	0	1	0	1	0	0	1	0	0	0	0	0
OTU18	-0.0809219076239261	-0.022276394711152253	0.16731733474817606	37	34.75	8	3507873	44.9	2878	4	48	0	0	0	0	0	1	0	1	0	0	1	0	0	0	0	0
OTU19	-0.6020599913279624	0.33243845991560533	-0.3565473235138126	37	34.75	6.8	6687116.12	42.024	4803.75	5	70	0	0	0	0	0	1	0	1	0	0	1	0	0	0	0	0
OTU20	-0.5228787452803376	-0.5228787452803376	0.6794278966121189	37	37	7.15	3241569	57.918	2678.333	3	63.5	0	0	0	0	0	1	0	1	0	0	0	1	0	0	0	0
OTU21	-0.5228787452803376	-0.5228787452803376	0.26245108973042947	36	37	7	1895860	45.5	1169	5	53	1	0	0	1	0	1	0	1	0	0	1	0	0	0	0	0
OTU22	-0.1549019599857432	0.6989700043360189	0.0	37	40	5.5	3098252.875	36.927	2835.5	9	70	1	0	0	0	0	1	0	1	0	0	1	0	0	0	0	0
OTU23	-0.1549019599857432	-0.1549019599857432	-0.44249279809434205	39.225	40.583	7.4	1823001.59	38.882	1705.75	5.667	63.75	1	0	0	0	1	0	0	0	1	0	0	1	0	0	0	0
OTU24	-0.0809219076239261	-0.022276394711152253	0.16731733474817606	37	34.75	8	3507873	44.9	2878	4	48	0	0	0	0	0	1	0	1	0	0	1	0	0	0	0	0
OTU25	-0.1549019599857432	0.17609125905568124	0.17897694729316943	37	37.771	7.09	2218333.575	62.702	1738.1	2.8	52.714	1	0	0	0	0	1	0	1	0	0	1	0	0	0	0	0
OTU26	-0.5228787452803376	-0.5228787452803376	0.36172783601759284	37	37	7	2179486.5	38.86	1848	4	48	0	0	0	1	0	1	0	1	0	0	0	1	0	0	0	0
OTU27	-0.5228787452803376	-0.5228787452803376	0.36172783601759284	37	37	7	2179486.5	38.86	1848	4	48	0	0	0	1	0	1	0	1	0	0	0	1	0	0	0	0
OTU28	-0.6020599913279624	0.33243845991560533	-0.3565473235138126	37	37.75	6.8	6067816.318	41.774	4407	5	69	0	0	0	0	0	1	0	1	0	0	1	0	0	0	0	0
OTU29	-0.3467874862246563	0.17609125905568124	0.3010299956639812	37	37	7	4048462	41.9	3554	5	59	1	0	1	0	0	1	0	1	0	0	1	0	0	0	0	0
OTU30	-0.09691001300805639	0.17609125905568124	-0.3565473235138126	37	35.833	5	4934128.2	42.2	3550	5	71	0	0	0	0	0	1	0	1	0	0	1	0	0	0	0	0
OTU31	-0.3010299956639812	-0.5228787452803376	0.6794278966121189	37	37	7.15	3022580	56.239	2678.333	3	63.5	0	0	0	0	0	1	0	1	0	0	1	0	0	0	0	0
OTU32	-0.3979400086720376	0.2304489213782739	0.3010299956639812	37	37	5.35	4238600.143	41.873	3554	5	59	1	0	1	0	0	1	0	1	0	0	1	0	0	0	0	0
OTU33	-0.22184874961635637	0.20411998265592482	-0.2676062401770315	37	37	6.5	2687294.429	55.767	2234.25	3	52	0	0	0	1	0	1	0	1	0	0	0	0	0	1	0	0
OTU34	-0.3010299956639812	0.3010299956639812	0.3222192947339193	37	37	7	3234795	31.38	1654	6.2	55	1	1	1	0	0	1	0	1	0	0	1	0	0	0	0	0
OTU35	-0.6989700043360187	-0.12493873660829993	-0.2907300390241692	37	37	6.75	2061880.682	39.49	1960.667	6	57	0	0	0	0	1	0	0	1	0	0	1	0	0	0	0	0
OTU36	-0.5228787452803376	0.07918124604762482	0.6117233080073418	37	37	7	2373109.5	60.3	1896	2	57	1	0	0	1	0	1	0	1	0	0	1	0	0	0	0	0
OTU37	-0.3979400086720376	0.20411998265592482	1.146128035678238	37	37	7.5	3961981.571	60.715	3565	2	55	1	1	1	0	0	1	0	1	0	0	1	0	0	0	0	0
OTU38	-0.1549019599857432	0.16136800223497488	-0.5421181032660076	32.333	30	5.5	4924333.875	55.85	4371	8	85	0	0	1	1	0	0	1	1	0	0	1	0	0	0	0	0
OTU39	-0.5228787452803376	-0.5228787452803376	0.26245108973042947	37	37	7	2071338.667	38.617	1848	4	48	0	0	0	1	0	1	0	1	0	0	0	1	0	0	0	0
OTU40	-0.09691001300805639	0.0	0.16731733474817606	37	37	7	3960790.6	45.85	3550	5	71	0	0	0	0	0	1	0	1	0	0	1	0	0	0	0	0
OTU41	-0.6020599913279624	0.33243845991560533	-0.3565473235138126	37	34.75	6.8	6687116.12	42.024	4803.75	5	70	0	0	0	0	0	1	0	1	0	0	1	0	0	0	0	0
OTU42	-0.3010299956639812	0.38021124171160603	-0.07058107428570727	36.5	35.6	6.6	4603278.645	28.487	3903.429	10.2	86.167	1	1	1	0	0	1	0	1	0	0	1	0	0	0	0	0
OTU43	-0.045757490560675115	0.3010299956639812	0.3222192947339193	37	37	7	2931144	36.817	1654	6.2	55	1	1	0	0	0	1	0	1	0	0	0	0	0	0	0	1
OTU44	-0.12493873660829993	0.9164539485499251	0.25527250510330607	37	36	5.35	6400899	49.105	5937	5	72	1	0	0	0	0	1	0	1	0	0	1	0	0	0	0	0
OTU45	-0.22184874961635637	0.0	0.17609125905568124	37	37	7	2687294.429	55.767	2234.25	3	52	0	0	0	0	0	1	0	1	0	0	0	0	0	1	0	0
OTU46	-0.09691001300805639	0.2304489213782739	0.16731733474817606	37	37	7.25	4633018.6	45.267	3853	7	82	1	0	0	0	0	1	0	1	0	0	1	0	0	0	0	0
OTU47	-0.1549019599857432	0.6989700043360189	0.0	37	40	5.5	3098252.875	36.927	2835.5	9	70	1	0	0	0	0	1	0	1	0	0	1	0	0	0	0	0
OTU48	-0.6989700043360187	-0.3010299956639812	0.809761665107125	37	37	7	3865145.5	57.8	3103	2	48	0	0	0	1	0	1	0	1	0	0	1	0	0	0	0	0
OTU49	0.3010299956639812	0.3010299956639812	0.36172783601759284	37	37.4	7	2481655.909	52.846	2223.5	7	64.333	0	0	0	1	0	1	0	1	0	0	0	1	0	0	0	0
OTU50	-0.3010299956639812	0.3979400086720376	0.3979400086720376	30	30	6.25	4470621.5	49.895	4347.333	3	61	0	0	1	0	0	1	0	1	0	0	1	0	0	0	0	0
OTU51	-0.5228787452803376	0.146128035678238	1.021189299069938	37	33.5	5.35	6478043.6	49.105	5937	5	72	1	1	1	0	0	1	0	1	0	0	1	0	0	0	0	0
OTU52	-0.22184874961635637	0.5440680443502757	0.0	37	22.5	6.75	2925119	37.8	3884	6	68	0	1	1	0	0	1	0	1	0	0	1	0	0	0	0	0
OTU53	-0.12493873660829993	0.24303804868629442	0.07188200730612536	37	40	7.25	2831860	48.14	4698	3	57.25	0	0	0	0	0	1	0	1	0	0	0	0	0	1	0	0
OTU54	-0.3010299956639812	0.25527250510330607	1.021189299069938	37	37	7	6757502.333	48.7	3884	6	68	1	1	1	0	0	1	0	1	0	0	1	0	0	0	0	0
OTU55	-0.4377071355435253	-0.3010299956639812	-0.2006594505464183	37	37	7	2549878	53.3	3103	2	48	0	0	0	1	0	1	0	1	0	0	1	0	0	0	0	0
OTU56	-0.5228787452803376	0.3010299956639812	0.3979400086720376	37	38.5	8.25	2968500	42.623	2632	4	55	1	0	0	0	0	1	0	1	0	0	0	1	0	0	0	0
OTU57	-0.3010299956639812	0.3010299956639812	1.146128035678238	37	37	7	2317131	50	2336.667	3	52	0	0	0	0	0	1	0	1	0	0	1	0	0	0	0	0
OTU58	-0.3010299956639812	0.25527250510330607	1.021189299069938	37	37	7	6757502.333	48.7	3884	6	68	1	1	1	0	0	1	0	1	0	0	1	0	0	0	0	0
OTU59	-0.1549019599857432	0.07918124604762482	0.8129133566428556	37	34	7	2374505	58.295	4698	3	57.25	0	0	0	0	0	1	0	1	0	0	0	0	0	1	0	0
OTU60	0.3010299956639812	0.16136800223497488	1.0685568950723632	34	35.6	5.5	6099261.283	54.858	5552.417	7.8	84.875	0	0	0	1	0	0	1	1	0	0	1	0	0	0	0	0
OTU61	-0.09691001300805639	0.20411998265592482	0.16731733474817606	37	36.1	7	5582831.2	41.829	4250.333	7	81.75	0	0	0	0	0	1	0	1	0	0	1	0	0	0	0	0
OTU62	-0.5228787452803376	0.3979400086720376	-0.42021640338318983	37	35.1	7.5	4144545.779	28.625	3692.926	11.333	88.612	1	1	1	0	0	1	0	1	0	0	1	0	0	0	0	0
OTU63	-0.6020599913279624	0.33243845991560533	-0.3565473235138126	37	34.75	6.8	6687116.12	42.024	4803.75	5	70	0	0	0	0	0	1	0	1	0	0	1	0	0	0	0	0
OTU64	-0.09691001300805639	0.17609125905568124	-0.3565473235138126	36	37	7	5430286.285	42.36	4347.273	6	72.714	0	0	0	0	0	1	0	1	0	0	1	0	0	0	0	0
OTU65	-0.4377071355435253	-0.22184874961635637	-0.2006594505464183	37	37	7	3734239.2	56.6	3103	2	48	0	0	0	1	0	1	0	1	0	0	1	0	0	0	0	0
OTU66	-0.09691001300805639	-0.09691001300805639	1.021189299069938	37	37	7	3861016	40.1	3210.4	5	59	1	1	1	0	0	1	0	1	0	0	1	0	0	0	0	0
OTU67	-0.09691001300805639	0.3979400086720376	0.25527250510330607	37	36	5.35	3185562	42.55	2798	5	72	1	1	1	0	0	1	0	1	0	0	1	0	0	0	0	0
OTU68	-0.045757490560675115	0.2304489213782739	-0.3565473235138126	37	37	6.65	6966533.2	42.8	5306	4	63	0	0	0	0	0	1	0	1	0	0	1	0	0	0	0	0
OTU69	-0.5228787452803376	0.2787536009528289	0.0	37	37	6.75	2831389.167	38.053	2654.667	5	47	0	0	1	0	0	1	0	1	0	0	1	0	0	0	0	0
OTU70	-0.5228787452803376	-0.5228787452803376	0.26245108973042947	37	37	7	1980873	42.925	1848	4	48	0	0	0	1	0	1	0	1	0	0	0	1	0	0	0	0
OTU71	0.17609125905568124	0.3979400086720376	-0.2839966563652008	37	37	5.35	3653762	27.7	2513	9	87	1	1	1	0	0	1	0	1	0	0	1	0	0	0	0	0
OTU72	-0.22184874961635637	0.5440680443502757	0.0	37	22.5	6.75	2925119	38.053	2654.667	5	47	0	0	1	0	0	1	0	1	0	0	1	0	0	0	0	0
OTU73	-0.1549019599857432	-0.1549019599857432	0.07188200730612536	37	39	7	2069992.667	50.6	1933	3	55	1	0	0	1	0	1	0	1	0	0	0	1	0	0	0	0
OTU74	-0.3010299956639812	-0.5228787452803376	0.07188200730612536	37	37	7.15	3022580	56.239	2678.333	3	63.5	0	0	0	0	0	1	0	1	0	0	1	0	0	0	0	0
OTU75	-0.1549019599857432	-0.1549019599857432	-0.3010299956639812	37	39	7	2321684.25	41.05	1811	3	55	1	0	0	0	0	1	0	1	0	0	0	1	0	0	0	0
OTU76	-0.1549019599857432	0.07918124604762482	0.0	37	34	7	2809530.25	58.295	4698	3	57.25	0	0	0	0	0	1	0	1	0	0	1	0	0	0	0	0
OTU77	0.3010299956639812	0.3010299956639812	0.4913616938342727	43	55	7	3532052	37.5	2566.6	2	52	1	0	1	1	0	1	0	0	0	1	1	0	0	0	0	0
OTU78	-0.09691001300805639	-0.09691001300805639	0.0	37	37	4.85	3403333	38.4	2964	8	72	1	0	1	0	0	1	0	1	0	0	1	0	0	0	0	0
OTU79	-0.3979400086720376	0.11394335230683678	0.809761665107125	37	34.75	7	3306764.5	50.1	2641	5	54	0	0	0	0	0	1	0	1	0	0	1	0	0	0	0	0
OTU80	-0.3010299956639812	-0.5228787452803376	0.6794278966121189	37	37	7.15	3022580	56.239	2678.333	4	63.5	0	0	0	0	0	1	0	1	0	0	1	0	0	0	0	0
OTU81	-0.09691001300805639	0.17609125905568124	-0.3565473235138126	37	35.5	7	5043373	42.7	3799	5	69	0	0	0	0	0	1	0	1	0	0	1	0	0	0	0	0
OTU82	-0.022276394711152253	0.4065401804339551	-0.3565473235138126	37	37	7	4535908	42.7	4407	5	70	0	0	0	0	0	1	0	1	0	0	1	0	0	0	0	0
OTU83	-0.3010299956639812	0.11394335230683678	0.3979400086720376	37	37	7.5	2890610	39.094	3057.571	4	56	1	0	0	0	0	1	0	0	1	0	1	0	0	0	0	0
OTU84	-0.22184874961635637	-0.22184874961635637	-0.15428198203334137	37	36.3	6.778	1633292	40.05	1928.25	3.667	55.333	1	0	0	0	1	0	0	1	0	0	0	1	0	0	0	0
OTU85	-0.3010299956639812	0.25527250510330607	1.021189299069938	23	30	7.6	3453670	44.9	3884	6	68	1	1	1	0	0	1	0	1	0	0	1	0	0	0	0	0
OTU86	-0.3979400086720376	0.11394335230683678	0.809761665107125	37	34.75	7	3306764.5	50.1	2641	5	54	0	0	0	0	0	1	0	1	0	0	1	0	0	0	0	0
OTU87	-0.22184874961635637	0.20411998265592482	0.6989700043360189	37	37	6.75	3520755	28.24	3692.926	11.333	88.612	1	1	1	0	0	1	0	1	0	0	1	0	0	0	0	0
OTU88	-0.3010299956639812	0.17609125905568124	0.25527250510330607	37	40	6.6	3713113	41.675	3155	5	65	1	0	0	0	0	1	0	1	0	0	0	1	0	0	0	0
OTU89	-0.09691001300805639	0.2304489213782739	0.6794278966121189	37	42	6	2809383	59.223	3179.333	2	54	1	0	0	0	0	1	0	1	0	0	0	1	0	0	0	0
OTU90	-1.0	-0.22184874961635637	0.809761665107125	37	37	7	3763317	55.82	2563	2	48	0	0	0	1	0	1	0	1	0	0	1	0	0	0	0	0
OTU91	-0.3010299956639812	0.0	0.25527250510330607	37	37	6.6	2944299.667	42.55	2798	5	65	1	0	0	0	0	1	0	1	0	0	0	1	0	0	0	0
OTU92	-0.3979400086720376	0.47712125471966244	1.021189299069938	37	40	5.35	3108859	39.66	1684	5	72	1	0	0	0	0	1	0	1	0	0	0	1	0	0	0	0
OTU93	-0.3010299956639812	0.3979400086720376	0.3979400086720376	60	60	7.5	3612160.529	39.094	3057.571	4	56	1	1	1	0	0	1	0	0	1	0	1	0	0	0	0	0
OTU94	-0.3010299956639812	0.0	1.021189299069938	37	39	7.6	3460903.4	42.833	5937	5	72	1	0	0	0	0	1	0	1	0	0	0	1	0	0	0	0
OTU95	-0.3979400086720376	0.47712125471966244	1.021189299069938	37	40	7.6	3453670	50.1	1684	4	55	1	1	0	0	0	1	0	1	0	0	0	1	0	0	0	0
OTU96	0.3010299956639812	0.3010299956639812	1.5563025007672873	37	37	7	1765374	45.43	2223.5	7	64.333	0	0	0	1	0	1	0	1	0	0	0	1	0	0	0	0
OTU97	-0.12493873660829993	-0.12493873660829993	-0.3565473235138126	36.5	37	9.6	3026076	37.828	2562	6	68.25	1	0	0	1	0	0	1	1	0	0	0	1	0	0	0	0
OTU98	-0.1549019599857432	-0.09691001300805639	0.0	37	37	4.85	3102087	43.1	2320.5	4	53	1	0	0	0	0	1	0	1	0	0	1	0	0	0	0	0
OTU99	-0.1549019599857432	-0.09691001300805639	0.0	37	37	4.85	3102087	43.1	2320.5	4	53	1	0	0	0	0	1	0	1	0	0	1	0	0	0	0	0
OTU100	-0.3010299956639812	0.2787536009528289	1.184123354239671	37	38.5	7	3522704.5	27.649	3064.5	10	79.333	1	1	1	0	0	1	0	1	0	0	1	0	0	0	0	0
